Row,Season,No. in series,Company,Deal,Industry,Entrepreneur Gender,Amount,Equity,Valuation,Corcoran,Cuban,Greiner,Herjavec,John,O'Leary,Harrington,Guest,# Sharks,$ per shark,Details / Notes
,,,,,,,,,,,,,,,,,,,,
2,1,1,Ava the Elephant,Yes,Healthcare,Female,"$50,000",55%,"$90,909",1,,,,,,,,1,"$50,000",
3,1,1,Mr. Tod's Pie Factory,Yes,Food and Beverage,Male,"$460,000",50%,"$920,000",1,,,,1,,,,2,"$230,000",
4,1,1,Wispots,No,Business Services,Male,,,,,,,,,,,,0,,
5,1,1,College Foxes Packing Boxes,No,Lifestyle / Home,Male,,,,,,,,,,,,0,,
6,1,1,Ionic Ear,No,Uncertain / Other,Male,,,,,,,,,,,,0,,
7,1,2,A Perfect Pear,Yes,Food and Beverage,Female,"$500,000",50%,"$1,000,000",,,,1,,1,,,2,"$250,000",
8,1,2,Classroom Jams,Yes,Children / Education,Male,"$250,000",10%,"$2,500,000",1,1,,1,1,1,,,5,"$50,000",
9,1,2,Lifebelt,No,Consumer Products,Male,,,,,,,,,,,,0,,
10,1,2,Crooked Jaw,No,Fashion / Beauty,Male,,,,,,,,,,,,0,,
11,1,2,Sticky Note Holder,No,Lifestyle / Home,Female,,,,,,,,,,,,0,,
12,1,3,Turbobaster,Yes,Food and Beverage,Female,"$35,000",100%,"$35,000",,,,,,,1,,1,"$35,000",2% royalty
13,1,3,Stress Free Kids,Yes,Children / Education,Female,"$250,000",50%,"$500,000",1,,,,,,,,1,"$250,000",
14,1,3,Kwyzta Chopstick Art,No,Children / Education,Male,,,,,,,,,,,,0,,
15,1,3,50 State Capitals in 50 Minutes,No,Children / Education,Male,,,,,,,,,,,,0,,
16,1,3,Voyage Air Guitar,No,Media / Entertainment,Male,,,,,,,,,,,,0,,
17,1,4,Gift Card Rescue,Yes,Software / Tech,Male,"$200,000",50%,"$400,000",,,,1,,1,,,2,"$100,000",
18,1,4,Coverplay,Yes,Children / Education,Female,"$35,000",40%,"$87,500",1,,,,,,,,1,"$35,000",
19,1,4,Graffiti Removal Services,No,Business Services,Male,,,,,,,,,,,,0,,
20,1,4,"Souls Calling, Inc.",No,Fashion / Beauty,Female,,,,,,,,,,,,0,,
21,1,4,Coffee Brand Gifts,No,Food and Beverage,Male,,,,,,,,,,,,0,,
22,1,5,My Therapy Journal,Yes,Healthcare,Male,"$80,000",51%,"$156,863",,,,1,,1,,,2,"$40,000",
23,1,5,Body Jac,Yes,Fitness / Sports,Male,"$180,000",50%,"$360,000",1,,,,,,1,,2,"$90,000",contingent on him losing 30 pounds!
24,1,5,Good Grief Celebrations,No,Business Services,Female,,,,,,,,,,,,0,,
25,1,5,Granola Gourmet,No,Food and Beverage,Male,,,,,,,,,,,,0,,
26,1,5,Face Blok,No,Healthcare,Female,,,,,,,,,,,,0,,
27,1,6,Pork Barrel BBQ Sauce,Yes,Food and Beverage,Male,"$50,000",50%,"$100,000",1,,,,,,,,1,"$50,000",
28,1,6,Element Bars,Yes,Fitness / Sports,Male,"$150,000",30%,"$500,000",,,,,,,1,,1,"$150,000","license bars, entrepreneur gets 4% of sales forever"
29,1,6,Underease Underwear,No,Fashion / Beauty,Mixed Team,,,,,,,,,,,,0,,
30,1,6,Kalyx Technologies,No,Fashion / Beauty,Female,,,,,,,,,,,,0,,
31,1,6,The Fizz,No,Food and Beverage,Male,,,,,,,,,,,,0,,
32,1,7,Soy-Yer-Dough,Yes,Food and Beverage,Male,"$300,000",51%,"$588,235",,,,1,1,1,,,3,"$100,000",
33,1,7,Grill Charms Set,Yes,Fashion / Beauty,Female,"$50,000",20%,"$250,000",,,,1,,,,,1,"$50,000",
34,1,7,Boogie Box Fitness,No,Fitness / Sports,Female,,,,,,,,,,,,0,,
35,1,7,The Fun house Project,No,Media / Entertainment,Male,,,,,,,,,,,,0,,
36,1,8,Treasure Chest Pets,Yes,Pet Products,Female,"$100,000",60%,"$166,667",1,,,,1,,,,2,"$50,000",
37,1,8,Notehall,Yes,Software / Tech,Male,"$90,000",25%,"$360,000",1,,,,,,,,1,"$90,000",deal did not go through after show; acquired by Chegg for 3.7M in equity
38,1,8,Throx,No,Fashion / Beauty,Male,,,,,,,,,,,,0,,
39,1,8,Washed Up Hollywood,No,Fashion / Beauty,Male,,,,,,,,,,,,0,,
40,1,9,Gayla Bentley Fashion,Yes,Fashion / Beauty,Female,"$250,000",50%,"$500,000",1,,,,1,,,,2,"$125,000",
41,1,9,Chill Soda,Yes,Food and Beverage,Male,"$50,000",20%,"$250,000",1,,,,,,,,1,"$50,000",
42,1,9,Cornucopia Express,No,Pet Products,Male,,,,,,,,,,,,0,,
43,1,9,Virtusphere,No,Software / Tech,Male,,,,,,,,,,,,0,,
44,1,10,The URO Club,Yes,Uncertain / Other,Male,"$25,000",70%,"$35,714",,,,,,,,1,1,"$25,000",
45,1,10,Jump Forward,Yes,Uncertain / Other,Male,"$600,000",50%,"$1,200,000",,,,1,,1,,,2,"$300,000",
46,1,10,The Bobble Place,No,Children / Education,Male,,,,,,,,,,,,0,,
47,1,10,Mr. Poncho,No,Fashion / Beauty,Mixed Team,,,,,,,,,,,,0,,
48,1,11,Hells Bells Helmets,Yes,Consumer Products,Mixed Team,"$500,000",50%,"$1,000,000",,,,,1,,,,1,"$500,000",
49,1,11,Chef In Black,Yes,Food and Beverage,Female,"$50,000",40%,"$125,000",1,,,,,,,,1,"$50,000",
50,1,11,Ink Flip,No,Business Services,Male,,,,,,,,,,,,0,,
51,1,11,Romp NΓÇÖ Roll,No,Children / Education,Mixed Team,,,,,,,,,,,,0,,
52,1,11,The Twister,No,Fitness / Sports,Male,,,,,,,,,,,,0,,
53,1,12,Grease Monkey Wipes,Yes,Lifestyle / Home,Mixed Team,"$40,000",40%,"$100,000",1,,,1,,,,,2,"$20,000",
54,1,12,Wee Can Shop,No,Children / Education,Mixed Team,,,,,,,,,,,,0,,
55,1,12,The Podillow,No,Consumer Products,Mixed Team,,,,,,,,,,,,0,,
56,1,12,The Factionist,No,Fashion / Beauty,Male,,,,,,,,,,,,0,,
57,1,13,Caffeindicator,Yes,Food and Beverage,Male,"$200,000",50%,"$400,000",,,,,,,1,,1,"$200,000",
58,1,13,Lipstick Remix,Yes,Fashion / Beauty,Female,"$105,000",50%,"$210,000",1,,,,1,,1,,3,"$35,000",
59,1,13,Legal Grind,No,Business Services,Mixed Team,,,,,,,,,,,,0,,
60,1,13,Captain Ice Cream,No,Food and Beverage,Male,,,,,,,,,,,,0,,
61,1,14,Nubrella,Yes,Fashion / Beauty,Male,"$200,000",51%,"$392,157",,,,,1,,1,,2,"$100,000",Deal fell through after show
62,1,14,Qubits,Yes,Children / Education,Male,"$90,000",51%,"$176,471",,,,,1,,,,1,"$90,000",Deal fell through after show
63,1,14,Send A Ball,No,Children / Education,Female,,,,,,,,,,,,0,,
64,1,14,Pillars of Slippers,No,Fashion / Beauty,Female,,,,,,,,,,,,0,,
65,1,14,Llama Brew,No,Green/CleanTech,Mixed Team,,,,,,,,,,,,0,,
66,2,1,Wurkin Stiffs,Yes,Consumer Products,Male,"$100,000",40%,"$250,000",1,,,,1,,,,2,"$50,000",
67,2,1,Tippi Toes,Yes,Fitness / Sports,Female,"$100,000",30%,"$333,333",1,1,,,,,,,2,"$50,000",
68,2,1,CBS Foods,No,Food and Beverage,Male,,,,,,,,,,,,0,,
69,2,1,Copa di Vino,No,Food and Beverage,Male,,,,,,,,,,,,0,,
70,2,2,Toygaroo,Yes,Children / Education,Female,"$200,000",35%,"$571,429",,1,,,,1,,,2,"$100,000",Company filed for Chapter 7 bankruptcy in April 2012
71,2,2,First Defense Nasal Screen,Yes,Healthcare,Male,"$750,000",30%,"$2,500,000",,1,,1,1,,,,3,"$250,000",10% perpetual royalty
72,2,2,Vurtego,No,Fitness / Sports,Male,,,,,,,,,,,,0,,
73,2,2,Wake n' Bacon,No,Food and Beverage,Male,,,,,,,,,,,,0,,
74,2,3,Mod Mom Furniture,Yes,Lifestyle / Home,Female,"$90,000",33%,"$272,727",,,,,,,,,0,#DIV/0!,7.5% royalty fee after they hit $500K
75,2,3,Flipoutz,Yes,Fashion / Beauty,Mixed Team,"$100,000",25%,"$400,000",,,,,1,,,,1,"$100,000",
76,2,3,Fitness Stride,No,Fitness / Sports,Male,,,,,,,,,,,,0,,
77,2,3,Pure Ayre,No,Lifestyle / Home,Male,,,,,,,,,,,,0,,
78,2,4,Broccoli Wad,Yes,Food and Beverage,Male,"$50,000",40%,"$125,000",1,,,,,,,,1,"$50,000",
79,2,4,Hillbilly Brand,Yes,Fashion / Beauty,Male,"$75,000",25%,"$300,000",,,,1,1,,,,2,"$37,500",7% royalty
80,2,4,Ride-On Carry-On,Yes,Consumer Products,Mixed Team,"$50,000",25%,"$200,000",1,,,,,,,,1,"$50,000",
81,2,4,Uncle Zip's Beef Jerky,No,Food and Beverage,Male,,,,,,,,,,,,0,,
82,2,5,Lightfilm,Yes,Consumer Products,Male,"$10,000",70%,"$14,286",,,,1,1,,,,2,"$5,000",founders receive 75% of the profit's until the $750k was paid back
83,2,5,Fridge Fronts,Yes,Lifestyle / Home,Female,"$100,000",50%,"$200,000",1,,,,,1,,,2,"$50,000",magnetic decorative finish for refrigerators; deal did not go through
84,2,5,New Era Brands,No,Consumer Products,Male,,,,,,,,,,,,0,,clip-on gum and clip-on contact lens cases
85,2,5,Thin Gloss,No,Fashion / Beauty,Female,,,,,,,,,,,,0,,weight loss lip gloss
86,2,6,Sweep Easy,Yes,Lifestyle / Home,Male,"$75,000",33%,"$227,273",,,,,1,,,,1,"$75,000",
87,2,6,Daisy Cakes,Yes,Food and Beverage,Female,"$50,000",25%,"$200,000",1,,,,,,,,1,"$50,000",Barbara gets $1 per every cake sold until investment is paid back
88,2,6,Hot Mama Gowns,No,Fashion / Beauty,Female,,,,,,,,,,,,0,,luxury maternity gowns
89,2,6,Caddy Swag,No,Fitness / Sports,Mixed Team,,,,,,,,,,,,0,,
90,2,7,Hydromax,Yes,Fitness / Sports,Male,"$50,000",50%,"$100,000",,,,,,,,1,1,"$50,000",
91,2,7,Carsik Bib,No,Children / Education,Male,,,,,,,,,,,,0,,
92,2,7,Ecomowers,No,Green/CleanTech,Male,,,,,,,,,,,,0,,
93,2,7,Games2U,No,Media / Entertainment,Male,,,,,,,,,,,,0,,
94,2,8,HyConn,Yes,Uncertain / Other,Male,"$1,250,000",100%,"$1,250,000",,1,,,,,,,1,"$1,250,000",deal did not go through after show
95,2,8,Origaudio,Yes,Software / Tech,Male,"$150,000",15%,"$1,000,000",,,,1,,,,,1,"$150,000",deal did not go through after diligence
96,2,8,Man Candle,No,Lifestyle / Home,Male,,,,,,,,,,,,0,,
97,2,8,Original Runner Company,No,Lifestyle / Home,Female,,,,,,,,,,,,0,,
98,2,9,Aldo Orta Jewelry,Yes,Fashion / Beauty,Male,"$180,000",45%,"$400,000",1,,,,,,1,,2,"$90,000",
99,2,9,One Sole,Yes,Fashion / Beauty,Female,"$500,000",35%,"$1,428,571",,,,,1,,,,1,"$500,000",
100,2,9,CitiKitty,Yes,Pet Products,Female,"$100,000",30%,"$333,333",,,,,,,1,,1,"$100,000",
101,2,9,Samson Martin,No,Fashion / Beauty,Female,,,,,,,,,,,,0,,
102,3,1,EZ VIP,Yes,Media / Entertainment,Male,"$150,000",30%,"$500,000",,1,,,1,,,,2,"$75,000",
103,3,1,The Clean Bottle,Yes,Food and Beverage,Male,"$60,000",8%,"$750,000",,1,,,,,,,1,"$60,000",
104,3,1,My Wonderful Life,No,Business Services,Female,,,,,,,,,,,,0,,
105,3,1,Business Ghost,No,Business Services,Male,,,,,,,,,,,,0,,
106,3,2,I Want To Draw A Cat For You,Yes,Software / Tech,Male,"$25,000",33%,"$75,758",,1,,,,,,,1,"$25,000",
107,3,2,Salespreneur,No,Business Services,Male,,,,,,,,,,,,0,,
108,3,2,Invis-A-Rack,No,Consumer Products,Male,,,,,,,,,,,,0,,
109,3,2,Vegas Magic Show,No,Media / Entertainment,Male,,,,,,,,,,,,0,,
110,3,3,You Smell Soap,Yes,Fashion / Beauty,Female,"$50,000",50%,"$100,000",,,,1,,,,,1,"$50,000",deal terms changed after dilligence (http://sharktanksuccess.blogspot.com/2013/07/you-smell-soap-update.html)
111,3,3,Chord Buddy,Yes,Media / Entertainment,Male,"$175,000",20%,"$875,000",,,,1,,,,,1,"$175,000",
112,3,3,Liquid Money,No,Consumer Products,Male,,,,,,,,,,,,0,,
113,3,3,Tail Lightz,No,Fashion / Beauty,Male,,,,,,,,,,,,0,,
114,3,4,Wine Balloon,Yes,Food and Beverage,Male,"$400,000",100%,"$400,000",,1,,,,,,,1,"$400,000",deal fell apart after show
115,3,4,Show No,Yes,Fashion / Beauty,Female,"$75,000",25%,"$300,000",,,1,,,,,,1,"$75,000",
116,3,4,The Swilt,No,Fashion / Beauty,Female,,,,,,,,,,,,0,,
117,3,4,Puppy Cake,No,Pet Products,Female,,,,,,,,,,,,0,,
118,3,5,The Last Lid,Yes,Lifestyle / Home,Mixed Team,"$40,000",60%,"$66,667",,,,,1,,,,1,"$40,000",
119,3,5,Talbott Teas,Yes,Food and Beverage,Male,"$250,000",35%,"$714,286",,,,,,1,,,1,"$250,000",Acquired by Jamba Juice
120,3,5,M3 Girl Designs,Yes,Fashion / Beauty,Female,"$300,000",30%,"$1,000,000",,1,1,1,,,,,3,"$100,000",
121,3,5,Ledge Pillow,No,Lifestyle / Home,Female,,,,,,,,,,,,0,,
122,3,6,Readerest Specsecure,Yes,Consumer Products,Male,"$150,000",65%,"$230,769",,,1,,,,,,1,"$150,000",
123,3,6,The Painted Pretzel,Yes,Food and Beverage,Female,"$100,000",25%,"$400,000",,1,,,,,,,1,"$100,000",
124,3,6,Esso Watches,No,Fashion / Beauty,Male,,,,,,,,,,,,0,,
125,3,6,Five Minute Furniture,No,Lifestyle / Home,Male,,,,,,,,,,,,0,,
126,3,7,Kisstixx,Yes,Fashion / Beauty,Male,"$200,000",40%,"$500,000",,1,,,,,,,1,"$200,000",
127,3,7,The Smart Baker,Yes,Food and Beverage,Mixed Team,"$75,000",40%,"$187,500",1,,,,,,,,1,"$75,000",5% royalty until investment paid back
128,3,7,ScotteVest,No,Fashion / Beauty,Male,,,,,,,,,,,,0,,
129,3,7,The Heat Helper,No,Lifestyle / Home,Male,,,,,,,,,,,,0,,
130,3,8,Litter,Yes,Fashion / Beauty,Female,"$80,000",51%,"$156,863",,1,,,1,,,,2,"$40,000",
131,3,8,Nardo's Natural,Yes,Fashion / Beauty,Male,"$75,000",50%,"$150,000",,,,,,,,,0,#DIV/0!,
132,3,8,The Original Profender,No,Fitness / Sports,Male,,,,,,,,,,,,0,,
133,3,8,Rent-A-Grandma,No,Lifestyle / Home,Male,,,,,,,,,,,,0,,
134,3,9,Tower Paddle Boards,Yes,Fitness / Sports,Male,"$150,000",30%,"$500,000",,1,,,,,,,1,"$150,000","plus ""first right of refusal"" on any future inventions"
135,3,9,Miso Media,Yes,Media / Entertainment,Male,"$300,000",8%,"$3,750,000",,1,,,,,,,1,"$300,000",
136,3,9,Instant Lifts,No,Fashion / Beauty,Mixed Team,,,,,,,,,,,,0,,
137,3,9,Vinamor,No,Food and Beverage,Male,,,,,,,,,,,,0,,
138,3,10,GoGo Gear,Yes,Fitness / Sports,Female,"$300,000",50%,"$600,000",,,,,1,,,,1,"$300,000",
139,3,10,The Ave Venice,No,Fashion / Beauty,Male,,,,,,,,,,,,0,,
140,3,10,BrewerΓÇÖs Cow,No,Food and Beverage,Male,,,,,,,,,,,,0,,
141,3,10,BarkΓÇÖemΓÇÖs To Go,No,Pet Products,Male,,,,,,,,,,,,0,,
142,3,11,ViewSport,No,Fitness / Sports,Male,,,,,,,,,,,,0,,
143,3,11,Blondies Cookies,No,Food and Beverage,Female,,,,,,,,,,,,0,,
144,3,11,Copa di Vino,No,Food and Beverage,Male,,,,,,,,,,,,0,,
145,3,11,The Sullivan Generator,No,Green/CleanTech,Male,,,,,,,,,,,,0,,
146,3,12,Lollacup,Yes,Children / Education,Mixed Team,"$100,000",40%,"$250,000",,1,,1,,,,,2,"$50,000",
147,3,12,Nail Pak,Yes,Fashion / Beauty,Female,"$50,000",40%,"$125,000",,,1,,,,,,1,"$50,000",
148,3,12,Debbie Brooks Handbags,No,Fashion / Beauty,Mixed Team,,,,,,,,,,,,0,,
149,3,12,Trimi Tank,No,Fashion / Beauty,Female,,,,,,,,,,,,0,,
150,3,13,Villy Customs,Yes,Fitness / Sports,Male,"$500,000",42%,"$1,190,476",1,1,,,,,,,2,"$250,000",
151,3,13,Boot Illusions,Yes,Fashion / Beauty,Mixed Team,"$500,000",40%,"$1,250,000",1,1,,,,,,,2,"$250,000",
152,3,13,AirBedz,No,Consumer Products,Male,,,,,,,,,,,,0,,
153,3,13,Skyride,No,Uncertain / Other,Male,,,,,,,,,,,,0,,
154,3,14,Dance With Me,Yes,Fitness / Sports,Male,"$100,000",50%,"$200,000",,1,,,1,,,,2,"$50,000",
155,3,14,Wild Squirrel Nut Butter,Yes,Food and Beverage,Female,"$50,000",40%,"$125,000",1,,,,,,,,1,"$50,000",
156,3,14,Mix Bikini,Yes,Fashion / Beauty,Male,"$50,000",25%,"$200,000",1,,,,,,,,1,"$50,000",
157,3,14,Cab20 Rock Band,No,Media / Entertainment,Male,,,,,,,,,,,,0,,
158,3,15,Remyxx ReKixx Sneakers,Yes,Fashion / Beauty,Male,"$50,000",80%,"$62,500",,,,,1,,,,1,"$50,000",
159,3,15,UniKey Technologies,Yes,Software / Tech,Male,"$500,000",40%,"$1,250,000",,1,,,,1,,,2,"$250,000",Deal did not close after snow (http://pando.com/2013/05/08/life-after-shark-tank-the-real-story-of-how-unikey-finally-came-to-market/)
160,3,15,The NitroForce Titan 1000,No,Fitness / Sports,Mixed Team,,,,,,,,,,,,0,,
161,3,15,Cougar Limited,No,Food and Beverage,Male,,,,,,,,,,,,0,,
162,4,1,Bev Buckle,Yes,Food and Beverage,Male,"$50,000",51%,"$98,039",1,,,,,,,,1,"$50,000",
163,4,1,Buggy Beds,Yes,Lifestyle / Home,Female,"$250,000",25%,"$1,000,000",1,1,,1,1,1,,,5,"$50,000",
164,4,1,Coat Chex,No,Business Services,Male,,,,,,,,,,,,0,,
165,4,1,Body Walking,No,Fashion / Beauty,Male,,,,,,,,,,,,0,,
166,4,2,SurfSet Fitness,Yes,Fitness / Sports,Mixed Team,"$300,000",30%,"$1,000,000",,1,,,,,,,1,"$300,000",
167,4,2,CateApp,Yes,Software / Tech,Male,"$75,000",30%,"$250,000",,,,,1,1,,,2,"$37,500",
168,4,2,Alpha M,No,Business Services,Male,,,,,,,,,,,,0,,
169,4,2,eCreamery,No,Food and Beverage,Female,,,,,,,,,,,,0,,
170,4,3,Rock Bands,Yes,Fashion / Beauty,Male,"$100,000",40%,"$250,000",,1,,,1,,,,2,"$50,000",
171,4,3,Posture Now,Yes,Healthcare,Male,"$100,000",30%,"$333,333",,1,,,,,,,1,"$100,000",
172,4,3,FuzziBunz,No,Children / Education,Female,,,,,,,,,,,,0,,
173,4,3,Liz Lovely Cookies,No,Food and Beverage,Mixed Team,,,,,,,,,,,,0,,
174,4,4,Bag Bowl,Yes,Lifestyle / Home,Male,"$40,000",33%,"$121,212",,,1,,,,,,1,"$40,000",
175,4,4,Back 9 Dips,Yes,Food and Beverage,Mixed Team,"$150,000",25%,"$600,000",,,1,1,,,,,2,"$75,000",
176,4,4,Lift Hamper,No,Lifestyle / Home,Male,,,,,,,,,,,,0,,
177,4,4,Zomm,No,Lifestyle / Home,Male,,,,,,,,,,,,0,,
178,4,5,Cozy Bugs,Yes,Fashion / Beauty,Female,"$50,000",30%,"$166,667",,,,,1,,,,1,"$50,000",
179,4,5,Marz Sprays,Yes,Healthcare,Male,"$200,000",25%,"$800,000",,,1,,,,,,1,"$200,000",plus option to buy back option of half the stock for 4X investment
180,4,5,Wired Waffles,No,Food and Beverage,Male,,,,,,,,,,,,0,,
181,4,5,The Spatty and The Spaddy Dadd,No,Food and Beverage,Female,,,,,,,,,,,,0,,
182,4,6,PRO-NRG,Yes,Food and Beverage,Mixed Team,"$250,000",30%,"$833,333",,,,,1,,,,1,"$250,000",contingent on a deal with Bad Ass Energy
183,4,6,Cousins Maine Lobster,Yes,Food and Beverage,Male,"$55,000",15%,"$366,667",1,,,,,,,,1,"$55,000",
184,4,6,Freaker USA,No,Food and Beverage,Male,,,,,,,,,,,,0,,
185,4,6,EcoNutsSoap,No,Lifestyle / Home,Mixed Team,,,,,,,,,,,,0,,
186,4,7,SBU,Yes,Fitness / Sports,Male,"$300,000",33%,"$909,091",,,,1,,1,,,2,"$150,000",
187,4,7,Scrub Daddy,Yes,Lifestyle / Home,Male,"$200,000",20%,"$1,000,000",,,1,,,,,,1,"$200,000",
188,4,7,The Shemie,No,Fashion / Beauty,Male,,,,,,,,,,,,0,,
189,4,7,The Bear & The Rat,No,Pet Products,Mixed Team,,,,,,,,,,,,0,,
190,4,8,The Cool Wazoo,Yes,Children / Education,Female,"$65,000",35%,"$185,714",,,1,,,,,,1,"$65,000",
191,4,8,Plate Topper,Yes,Food and Beverage,Male,"$90,000",8%,"$1,125,000",,,1,,,,,,1,"$90,000",
192,4,8,No Fly Cone,No,Pet Products,Male,,,,,,,,,,,,0,,
193,4,9,Drive Suits,Yes,Uncertain / Other,Male,"$150,000",30%,"$500,000",,,,,,1,,,1,"$150,000",
194,4,9,Ice Chips Candy,Yes,Food and Beverage,Female,"$125,000",20%,"$625,000",1,1,,,,,,,2,"$62,500",
195,4,9,ReVestor,No,Software / Tech,Male,,,,,,,,,,,,0,,
196,4,9,PC Classes Online,No,Software / Tech,Male,,,,,,,,,,,,0,,
197,4,10,Ruck Pack Combat Nutrition,Yes,Fashion / Beauty,Male,"$150,000",20%,"$750,000",,,,1,,1,,,2,"$75,000",
198,4,10,Nearly Newlywed,No,Fashion / Beauty,Female,,,,,,,,,,,,0,,
199,4,10,Tie Try,No,Fashion / Beauty,Male,,,,,,,,,,,,0,,
200,4,10,Corks Away,No,Food and Beverage,Male,,,,,,,,,,,,0,,
201,4,11,The Living Christmas Company,Yes,Lifestyle / Home,Male,"$150,000",40%,"$375,000",,1,,,,,,,1,"$150,000",
202,4,11,The Coop,Yes,Children / Education,Female,"$150,000",15%,"$1,000,000",1,,,,,,,,1,"$150,000",plus personal guarantee she will get her investment back within 2 years
203,4,11,Partie Poche,No,Fashion / Beauty,Mixed Team,,,,,,,,,,,,0,,
204,4,11,Fat Ass Fudge,No,Food and Beverage,Female,,,,,,,,,,,,0,,
205,4,12,Hot Tot,Yes,Children / Education,Female,"$75,000",40%,"$187,500",,1,,,,,,,1,"$75,000",
206,4,12,The GameFace Company,Yes,Fashion / Beauty,Male,"$450,000",35%,"$1,285,714",,1,1,,,,,,2,"$225,000",
207,4,12,Dura Tent,No,Food and Beverage,Male,,,,,,,,,,,,0,,
208,4,12,ARKEG,No,Uncertain / Other,Male,,,,,,,,,,,,0,,
209,4,13,Coffee Joulies,Yes,Food and Beverage,Male,"$150,000",n/a,n/a,,,1,1,1,1,,,4,"$37,500","plus royalty fee of $6 per Coffee Joulies sold retail, and $3 per wholesale. The royalty drops to $1 per unit sold after Sharks recoup their investment."
210,4,13,Teddy Needs,Yes,Children / Education,Female,"$100,000",30%,"$333,333",,1,,,,,,,1,"$100,000",plus 10% royalty until he gets his investment paid back in full
211,4,13,Urbio,Yes,Lifestyle / Home,Male,"$300,000",15%,"$2,000,000",,,1,,,,,,1,"$300,000",
212,4,13,Sub Zero Ice Cream,No,Food and Beverage,Mixed Team,,,,,,,,,,,,0,,
213,4,14,Sound Bender,Yes,Software / Tech,Male,"$54,000",40%,"$135,000",,,,,1,,,,1,"$54,000",
214,4,14,Bibitec Bibs,No,Children / Education,Mixed Team,,,,,,,,,,,,0,,
215,4,14,Cuddle Story Telling Bear,No,Children / Education,Male,,,,,,,,,,,,0,,
216,4,14,Invisible Xero Shoes,No,Fitness / Sports,Mixed Team,,,,,,,,,,,,0,,
217,4,15,Hoodie Pillow,Yes,Lifestyle / Home,Mixed Team,"$90,000",20%,"$450,000",,,,1,,,,,1,"$90,000",
218,4,15,Get Grinds,Yes,Food and Beverage,Male,"$75,000",15%,"$500,000",,,,1,1,,,,2,"$37,500",
219,4,15,Green Garmento,No,Fashion / Beauty,Female,,,,,,,,,,,,0,,
220,4,15,My Cold Snap,No,Food and Beverage,Male,,,,,,,,,,,,0,,
221,4,16,The Smart Wheel,Yes,Consumer Products,Mixed Team,"$100,000",30%,"$333,333",,1,,1,,,,,2,"$50,000",
222,4,16,HDYR Sushi Bars,Yes,Food and Beverage,Male,"$1,000,000",20%,"$5,000,000",,,,,,1,,,1,"$1,000,000",
223,4,16,Gotta Have S'More,No,Food and Beverage,Female,,,,,,,,,,,,0,,
224,4,16,Pretty Padded Room,No,Healthcare,Female,,,,,,,,,,,,0,,
225,4,17,Addison's Wonderland,No,Children / Education,Female,,,,,,,,,,,,0,,
226,4,17,Hip Chicks,No,Fashion / Beauty,Female,,,,,,,,,,,,0,,
227,4,17,Proof Eye Wear,No,Fashion / Beauty,Male,,,,,,,,,,,,0,,
228,4,17,Muddy Water Camo,No,Fitness / Sports,Male,,,,,,,,,,,,0,,
229,4,18,Jeska Shoe Company,Yes,Fashion / Beauty,Female,"$70,000",70%,"$100,000",,,,,1,,,,1,"$70,000",
230,4,18,Nuts n More,Yes,Food and Beverage,Male,"$250,000",30%,"$833,333",,1,,1,,,,,2,"$125,000",
231,4,18,Neo Innovations,No,Healthcare,Male,,,,,,,,,,,,0,,
232,4,18,PSI Bands,No,Healthcare,Female,,,,,,,,,,,,0,,
233,4,19,CordaRoy's Bean Bag Beds,Yes,Lifestyle / Home,Male,"$200,000",58%,"$344,828",,,1,,,,,,1,"$200,000",
234,4,19,Lose 12,Yes,Fitness / Sports,Male,"$125,000",25%,"$500,000",,,,,1,,,,1,"$125,000",
235,4,19,Baby Loves Disco,No,Children / Education,Mixed Team,,,,,,,,,,,,0,,
236,4,19,Cell Helmet,No,Software / Tech,Male,,,,,,,,,,,,0,,
237,4,20,CoolWraps,Yes,Lifestyle / Home,Male,"$250,000",100%,"$250,000",,1,,,,,,,1,"$250,000",plus inventor gets 3% royalty from all future profits
238,4,20,Simple Sugar Scrubs,Yes,Fashion / Beauty,Female,"$100,000",33%,"$303,030",,1,,,,,,,1,"$100,000",
239,4,20,Drop Stop,Yes,Consumer Products,Male,"$300,000",20%,"$1,500,000",,,1,,,,,,1,"$300,000",
240,4,20,Traditional Fisheries,No,Food and Beverage,Male,,,,,,,,,,,,0,,
241,4,21,GOBIE H20,Yes,Consumer Products,Male,"$300,000",40%,"$750,000",,,,,1,,,,1,"$300,000",
242,4,21,LiddUp Coolers,Yes,Food and Beverage,Male,"$100,000",33%,"$303,030",,,,,,1,,,1,"$100,000",
243,4,21,Rootsuit,No,Fashion / Beauty,Male,,,,,,,,,,,,0,,
244,4,21,Echo Valley Meats,No,Food and Beverage,Male,,,,,,,,,,,,0,,
245,4,22,Wicked Good Cup Cakes,Yes,Food and Beverage,Female,"$75,000",n/a,n/a,,,,,,1,,,1,"$75,000","Zero equity, but $1 royalty until investor gets money back,t hen .45 cent royalty in perpetuity."
246,4,22,The Mission Belt,Yes,Fashion / Beauty,Male,"$50,000",37.50%,"$133,333",,,,,1,,,,1,"$50,000",
247,4,22,Shell Bobbers,Yes,Fitness / Sports,Male,"$80,000",33%,"$242,424",,1,,,,,,,1,"$80,000",
248,4,22,Tremont Electric,No,Green/CleanTech,Male,,,,,,,,,,,,0,,
249,4,23,Me-Ma's Gumbo Bricks,Yes,Food and Beverage,Female,"$200,000",50%,"$400,000",,,1,,,1,,,2,"$100,000",
250,4,23,Misto Box Coffee Club,Yes,Food and Beverage,Mixed Team,"$75,000",30%,"$250,000",,1,,,,,,,1,"$75,000",
251,4,23,Vermont Butcher Block,No,Lifestyle / Home,Male,,,,,,,,,,,,0,,
252,4,23,Squirrel Boss Bird Feeder,No,Pet Products,Male,,,,,,,,,,,,0,,
253,4,24,Pink Shutter Photo Booths,Yes,Consumer Products,Male,"$300,000",33%,"$909,091",1,,,,,,,,1,"$300,000",plus equal salary distribution of all the profits
254,4,24,KazAM Balancing Bike's,Yes,Fitness / Sports,Female,"$300,000",32%,"$937,500",1,1,,,,,,,2,"$150,000",
255,4,24,Baby's Badass Burgers,No,Food and Beverage,Female,,,,,,,,,,,,0,,
256,4,24,Track Days,No,Uncertain / Other,Male,,,,,,,,,,,,0,,
257,4,25,Stella Valle Jewelry,Yes,Fashion / Beauty,Female,"$150,000",35%,"$428,571",,1,1,,,,,,2,"$75,000",
258,4,25,Geek Chic,Yes,Fashion / Beauty,Male,"$300,000",25%,"$1,200,000",,,,1,,,,,1,"$300,000",
259,4,25,LugLess,No,Consumer Products,Male,,,,,,,,,,,,0,,
260,4,25,Jones Scones,No,Food and Beverage,Male,,,,,,,,,,,,0,,
261,4,26,Ryan's Barkery,Yes,Pet Products,Male,"$25,000",25%,"$100,000",1,,,,,,,,1,"$25,000",
262,4,26,Verbalize It App,Yes,Business Services,Male,"$250,000",20%,"$1,250,000",,,,,,1,,,1,"$250,000",
263,4,26,Tom n Chee,Yes,Food and Beverage,Male,"$600,000",15%,"$4,000,000",1,1,,,,,,,2,"$300,000",
264,4,26,Three Day Rule,No,Software / Tech,Female,,,,,,,,,,,,0,,
265,5,1,Sweet Ballz,Yes,Food and Beverage,Male,"$250,000",25%,"$1,000,000",1,1,,,,,,,2,"$125,000",
266,5,1,Postcard on the Run,Yes,Software / Tech,Male,"$300,000",8%,"$4,000,000",,,,1,,,,,1,"$300,000",
267,5,1,Lynnaes Gourmet Pickles,No,Food and Beverage,Female,,,,,,,,,,,,0,,
268,5,1,RoloDoc,No,Healthcare,Male,,,,,,,,,,,,0,,
269,5,2,Kane & Couture Dog Clothes,Yes,Pet Products,Female,"$150,000",40%,"$375,000",,,1,,1,,,,2,"$75,000",
270,5,2,Breathometer,Yes,Healthcare,Male,"$1,000,000",30%,"$3,333,333",,1,1,1,1,1,,,5,"$200,000",
271,5,2,Mango Mango Preserve,No,Food and Beverage,Female,,,,,,,,,,,,0,,
272,5,2,Man Medals,No,Uncertain / Other,Male,,,,,,,,,,,,0,,
273,5,3,Freeloader Child Carrier,Yes,Children / Education,Male,"$200,000",33%,"$606,061",,,,1,,,,,1,"$200,000",
274,5,3,Rapid Ramen Cooker,Yes,Food and Beverage,Male,"$300,000",15%,"$2,000,000",,1,,,,,,,1,"$300,000","$150K is investment, $150K is loan"
275,5,3,Fairy Tale Wishes,No,Children / Education,Female,,,,,,,,,,,,0,,
276,5,3,Kook n Kap,No,Food and Beverage,Female,,,,,,,,,,,,0,,
277,5,4,Screen Mend,Yes,Lifestyle / Home,Mixed Team,"$30,000",50%,"$60,000",,,1,,,,,,1,"$30,000",
278,5,4,Hamboards Skateboard/Surfboard,Yes,Fitness / Sports,Male,"$300,000",30%,"$1,000,000",,,,1,,,,,1,"$300,000",
279,5,4,R Dubs Sunday Night Slow Jams,No,Lifestyle / Home,Male,,,,,,,,,,,,0,,
280,5,4,Scan. Me App,No,Software / Tech,Male,,,,,,,,,,,,0,,
281,5,5,Garden Pops,Yes,Food and Beverage,Mixed Team,"$75,000",30%,"$250,000",1,1,,,,,,,2,"$37,500",
282,5,5,Ruffle Butts - Rugged Butts,Yes,Fashion / Beauty,Mixed Team,"$300,000",9%,"$3,333,333",,,1,,,,,,1,"$300,000",
283,5,5,Bare Ease Bikini Waxing,No,Lifestyle / Home,Female,,,,,,,,,,,,0,,
284,5,5,Rent A Goat,No,Uncertain / Other,Male,,,,,,,,,,,,0,,
285,5,6,Total Merchant Resources,Yes,Business Services,Mixed Team,"$200,000",50%,"$400,000",,,,,,1,,,1,"$200,000",
286,5,6,Ten Thirty One Haunted Hayrides,Yes,Media / Entertainment,Female,"$2,000,000",20%,"$10,000,000",,1,,,,,,,1,"$2,000,000",
287,5,6,Fiber Fix Tape,Yes,Lifestyle / Home,Male,"$250,000",12%,"$2,083,333",,,1,,,,,,1,"$250,000",
288,5,6,Elephant Chat,No,Consumer Products,Mixed Team,,,,,,,,,,,,0,,
289,5,7,180 Party Cup,Yes,Lifestyle / Home,Male,"$300,000",25%,"$1,200,000",,,,,1,,,,1,"$300,000",
290,5,7,Tree T Pee,Yes,Green/CleanTech,Male,"$150,000",20%,"$750,000",,,,,,,,1,1,"$150,000",
291,5,7,Better Life Cleaning Products,Yes,Green/CleanTech,Male,"$400,000",17%,"$2,352,941",,,1,,,,,,1,"$400,000",$400K is loan; equity drops to 7% once loan paid back
292,5,7,Kymera Electric Surfboards,No,Fitness / Sports,Male,,,,,,,,,,,,0,,
293,5,8,Paparazzi Proposals,Yes,Lifestyle / Home,Male,"$250,000",33%,"$757,576",,,1,,,1,,,2,"$125,000",$200K as loan
294,5,8,Schulzies Bread Pudding,No,Food and Beverage,Female,,,,,,,,,,,,0,,
295,5,8,BellyBuds,No,Healthcare,Male,,,,,,,,,,,,0,,
296,5,8,PetPaint,No,Pet Products,Male,,,,,,,,,,,,0,,
297,5,9,Surprise Ride,No,Children / Education,Female,,,,,,,,,,,,0,,
298,5,9,Slawsa,No,Food and Beverage,Female,,,,,,,,,,,,0,,
299,5,9,DoorBot,No,Lifestyle / Home,Male,,,,,,,,,,,,0,,
300,5,9,Magic Moments,No,Software / Tech,Male,,,,,,,,,,,,0,,
301,5,10,Grace & Lace Knitted Boot Socks,Yes,Fashion / Beauty,Mixed Team,"$175,000",10%,"$1,750,000",1,,,,,,,,1,"$175,000",half of investment is credit line
302,5,10,Yubo Customized Lunch Boxes,Yes,Children / Education,Mixed Team,"$150,000",20%,"$750,000",,,,1,,1,,,2,"$75,000","if they pay it back in 18 months, equity drops to 10%"
303,5,10,PurseCase,Yes,Fashion / Beauty,Female,"$55,000",15%,"$366,667",,,,,1,,,,1,"$55,000",
304,5,10,Chocomize Chocolate Bars,No,Food and Beverage,Male,,,,,,,,,,,,0,,
305,5,11,De-Boned Baby Back Rib Steak,Yes,Food and Beverage,Mixed Team,"$300,000",30%,"$1,000,000",,,,,1,,,,1,"$300,000",
306,5,11,SpiritHoods,No,Fashion / Beauty,Mixed Team,,,,,,,,,,,,0,,
307,5,11,FoHawx,No,Fitness / Sports,Female,,,,,,,,,,,,0,,
308,5,11,Virtuix Omni,No,Software / Tech,Male,,,,,,,,,,,,0,,
309,5,12,Tipsy Elves,Yes,Fashion / Beauty,Male,"$100,000",10%,"$1,000,000",,,,1,,,,,1,"$100,000",
310,5,12,One Life Products,Yes,Lifestyle / Home,Male,"$50,000",35%,"$142,857",,,,,1,,,,1,"$50,000",
311,5,12,Cashmere Hair,No,Fashion / Beauty,Female,,,,,,,,,,,,0,,
312,5,12,Lite-Netics,No,Lifestyle / Home,Male,,,,,,,,,,,,0,,
313,5,13,GrooveBook,Yes,Software / Tech,Mixed Team,"$150,000",n/a,n/a,,1,,,,1,,,2,"$75,000",Sold to Shutterfly for $14.5M; deal was for 80% of the licensing rights
314,5,13,The Wall DoctoRX,Yes,Lifestyle / Home,Male,"$150,000",0%,n/a,,,,1,,,,,1,"$150,000",exclusive rights to sell internationally
315,5,13,Bounce Boot Camp,No,Children / Education,Male,,,,,,,,,,,,0,,
316,5,13,EyeBloc,No,Software / Tech,Male,,,,,,,,,,,,0,,
317,5,14,LockerBones,Yes,Children / Education,Male,"$175,000",50%,"$350,000",,,1,1,,,,,2,"$87,500",
318,5,14,InvisiPlug,Yes,Software / Tech,Male,"$125,000",10%,"$1,250,000",,,1,,,,,,1,"$125,000","$1 per unit until she makes it back, then 25 cents per unit thereafter"
319,5,14,Balloon Distractions,No,Children / Education,Male,,,,,,,,,,,,0,,
320,5,14,Alaska Glacial Mud Co.,No,Fashion / Beauty,Female,,,,,,,,,,,,0,,
321,5,15,SwimZip,Yes,Children / Education,Mixed Team,"$60,000",20%,"$300,000",,,1,,,,,,1,"$60,000",
322,5,15,Freshly Picked,Yes,Children / Education,Female,"$150,000",25%,"$600,000",,,,,1,,,,1,"$150,000",
323,5,15,FitDeck,No,Fitness / Sports,Male,,,,,,,,,,,,0,,
324,5,15,LifeCaps,No,Healthcare,Male,,,,,,,,,,,,0,,
325,5,16,The Cookie Dough Cafe,Yes,Food and Beverage,Female,"$100,000",30%,"$333,333",,,1,,,,,1,2,"$50,000",
326,5,16,Cycloramic,Yes,Software / Tech,Male,"$500,000",15%,"$3,333,333",,1,1,,,,,,2,"$250,000",
327,5,16,Nexersys,No,Fitness / Sports,Male,,,,,,,,,,,,0,,
328,5,16,Cow Wow Cereal Milk,No,Food and Beverage,Male,,,,,,,,,,,,0,,
329,5,17,Spy Escape and Evasion,Yes,Children / Education,Male,"$150,000",45%,"$333,333",,,,,1,,,,1,"$150,000",
330,5,17,Southern Culture Artisan Foods,Yes,Food and Beverage,Female,"$100,000",38%,"$263,158",1,,,,,,,,1,"$100,000",
331,5,17,DDP Yoga,No,Fitness / Sports,Male,,,,,,,,,,,,0,,
332,5,17,Moberi,No,Food and Beverage,Male,,,,,,,,,,,,0,,
333,5,18,Bambooee,Yes,Lifestyle / Home,Mixed Team,"$200,000",10%,"$2,000,000",,,1,,,,,,1,"$200,000",
334,5,18,Buzzy4Shots,No,Healthcare,Female,,,,,,,,,,,,0,,
335,5,18,ZipIt,No,Lifestyle / Home,Female,,,,,,,,,,,,0,,
336,5,18,Cheek'd,No,Software / Tech,Female,,,,,,,,,,,,0,,
337,5,19,U-Lace,Yes,Fashion / Beauty,Male,"$200,000",35%,"$571,429",,1,,,,,,,1,"$200,000",
338,5,19,RevoLights,Yes,Fitness / Sports,Male,"$300,000",10%,"$3,000,000",,,,1,,,,,1,"$300,000",
339,5,19,Squeeky Knees,No,Children / Education,Mixed Team,,,,,,,,,,,,0,,
340,5,19,The Buffer Bit,No,Fashion / Beauty,Male,,,,,,,,,,,,0,,
341,5,20,Henry's Humdingers,Yes,Food and Beverage,Male,"$300,000",75%,"$400,000",,1,,1,,,,,2,"$150,000",
342,5,20,Boo Boo Goo,Yes,Healthcare,Mixed Team,"$100,000",25%,"$400,000",,,,,,1,,,1,"$100,000",
343,5,20,Iretron,Yes,Software / Tech,Male,"$100,000",20%,"$500,000",1,1,,,,,,,2,"$50,000",
344,5,20,Define Bottle,No,Food and Beverage,Male,,,,,,,,,,,,0,,
345,5,21,Packback Books,No,Children / Education,Mixed Team,,,,,,,,,,,,0,,
346,5,21,Chapul,Yes,Food and Beverage,Male,"$50,000",15%,"$333,333",,1,,,,,,,1,"$50,000",
347,5,21,Garage Door Lock,Yes,Lifestyle / Home,Male,"$275,000",35%,"$785,714",,,,,1,,,,1,"$275,000",
348,5,21,MorningHead,No,Lifestyle / Home,Male,,,,,,,,,,,,0,,
349,5,22,Plated,Yes,Food and Beverage,Male,"$500,000",6%,"$8,992,806",,1,,,,,,,1,"$500,000",
350,5,22,Monkey Mat,Yes,Lifestyle / Home,Mixed Team,"$100,000",35%,"$285,714",,1,1,,,,,,2,"$50,000",
351,5,22,The Paint Brush Cover,Yes,Lifestyle / Home,Male,"$100,000",20%,"$500,000",,,1,,,,,,1,"$100,000",
352,5,22,Kodiak Cakes,No,Food and Beverage,Mixed Team,,,,,,,,,,,,0,,
353,5,23,Velocity Signs,Yes,Business Services,Male,"$225,000",30%,"$750,000",,1,,1,,1,,,3,"$75,000",
354,5,23,Happy Feet,Yes,Fashion / Beauty,Male,"$375,000",25%,"$1,500,000",,,,,,,,,0,#DIV/0!,
355,5,23,Hold Your Haunches,Yes,Fashion / Beauty,Female,"$100,000",40%,"$250,000",1,,1,,,,,,2,"$50,000",
356,5,23,Lord Nut Levington,No,Food and Beverage,Male,,,,,,,,,,,,0,,
357,5,24,Fun Time Express,Yes,Children / Education,Male,"$125,000",20%,"$625,000",,,1,,,1,,,2,"$62,500",
358,5,24,PowerPot,Yes,Food and Beverage,Male,"$250,000",12%,"$2,083,333",,1,,,,,,,1,"$250,000",
359,5,24,Quickstop Fire Sprinkler Tools,No,Lifestyle / Home,Male,,,,,,,,,,,,0,,
360,5,24,Taylor Robinson Music,No,Software / Tech,Male,,,,,,,,,,,,0,,
361,5,25,ZooBean,Yes,Children / Education,Mixed Team,"$250,000",30%,"$833,333",,1,,,,,,,1,"$250,000",
362,5,25,iLumi,No,Lifestyle / Home,Male,,,,,,,,,,,,0,,
363,5,25,Fort Magic,No,Children / Education,Female,,,,,,,,,,,,0,,
364,5,25,Intelli-Stopper Technology,No,Food and Beverage,Male,,,,,,,,,,,,0,,
365,5,26,Rugged Maniac,Yes,Fitness / Sports,Male,"$1,750,000",25%,"$7,000,000",,1,,,,,,,1,"$1,750,000",
366,5,26,Cerebral Success,Yes,Healthcare,Male,"$75,000",40%,"$187,500",1,,,,,,,,1,"$75,000",
367,5,26,Mo's Bows,No,Fashion / Beauty,Male,,,,,,,,,,,,0,,
368,5,26,Crio,No,Food and Beverage,Male,,,,,,,,,,,,0,,
369,5,27,Angellift,Yes,Fashion / Beauty,Male,"$500,000",15%,"$3,333,333",,,1,,,,,,1,"$500,000",
370,5,27,HangEase,No,Lifestyle / Home,Male,,,,,,,,,,,,0,,
371,5,27,The Bouqs Company,No,Lifestyle / Home,Male,,,,,,,,,,,,0,,
372,5,27,Susty Party,No,Lifestyle / Home,Female,,,,,,,,,,,,0,,
373,5,28,Oru Kayak,Yes,Fitness / Sports,Male,"$500,000",25%,"$2,000,000",,,,1,,,,,1,"$500,000",
374,5,28,Bon Affair,Yes,Food and Beverage,Female,"$150,000",35%,"$428,571",,1,,,,,,,1,"$150,000",
375,5,28,Cinnaholic,No,Food and Beverage,Mixed Team,,,,,,,,,,,,0,,
376,5,28,Hargitt Marine Services,No,Uncertain / Other,Male,,,,,,,,,,,,0,,
377,5,29,Foot Fairy,Yes,Software / Tech,Female,"$100,000",40%,"$250,000",,1,,,,,,,1,"$100,000",
378,5,29,BZbox,Yes,Lifestyle / Home,Female,"$50,000",40%,"$125,000",,,1,,,,,,1,"$50,000",
379,5,29,Tie-Not,No,Children / Education,Male,,,,,,,,,,,,0,,
380,5,29,Baker's Edge,No,Food and Beverage,Mixed Team,,,,,,,,,,,,0,,
381,6,1,Sleeping Baby,Yes,Children / Education,Mixed Team,"$200,000",20%,"$1,000,000",,,,,1,,,,1,"$200,000",
382,6,1,Bombas,Yes,Fashion / Beauty,Male,"$200,000",18%,"$1,142,857",,,,,1,,,,1,"$200,000",
383,6,1,Hammer & Nails,No,Fashion / Beauty,Male,,,,,,,,,,,,0,,
384,6,1,Amber,No,Software / Tech,Male,,,,,,,,,,,,0,,
385,6,2,Kronos,Yes,Fitness / Sports,Male,"$150,000",30%,"$500,000",,,,1,,,,,1,"$150,000",
386,6,2,Roominate,Yes,Children / Education,Female,"$500,000",5%,"$10,000,000",,1,1,,,,,,2,"$250,000",
387,6,2,The Floating Mug Co.,No,Lifestyle / Home,Male,,,,,,,,,,,,0,,
388,6,2,Wedding Wagon,No,Lifestyle / Home,Male,,,,,,,,,,,,0,,
389,6,3,Heart Pup,Yes,Pet Products,Female,"$50,000",40%,"$125,000",,,,,1,,,,1,"$50,000",
390,6,3,SoapSox,No,Children / Education,Male,,,,,,,,,,,,0,,
391,6,3,Ninja Cards,No,Children / Education,Male,,,,,,,,,,,,0,,
392,6,3,DrumPants,No,Fashion / Beauty,Mixed Team,,,,,,,,,,,,0,,
393,6,4,Paper Box Pilots,Yes,Children / Education,Male,"$35,000",50%,"$70,000",,,,1,,,,,1,"$35,000",
394,6,4,Reviver,Yes,Lifestyle / Home,Male,"$150,000",15%,"$1,000,000",,,1,,,,,,1,"$150,000",
395,6,4,FunCakes Rental,No,Food and Beverage,Female,,,,,,,,,,,,0,,
396,6,4,Table Jacks,No,Lifestyle / Home,Male,,,,,,,,,,,,0,,
397,6,5,The Red Dress Boutique,Yes,Fashion / Beauty,Mixed Team,"$1,200,000",20%,"$6,000,000",,1,,1,,,,,2,"$600,000",
398,6,5,SunStaches,Yes,Fashion / Beauty,Male,"$300,000",20%,"$1,500,000",,,,,1,,,,1,"$300,000",
399,6,5,Jungle JumpaRoo,No,Children / Education,Mixed Team,,,,,,,,,,,,0,,
400,6,5,The Caddy Girls,No,Fitness / Sports,Female,,,,,,,,,,,,0,,
401,6,6,Honeyfund,Yes,Software / Tech,Mixed Team,"$400,000",n/a,,,,,,,1,,,1,"$400,000",three times return from the transaction revenue
402,6,6,BeatBox Beverages,Yes,Food and Beverage,Mixed Team,"$1,000,000",33%,"$3,030,303",,1,,,,,,,1,"$1,000,000",
403,6,6,Oilerie USA,No,Food and Beverage,Male,,,,,,,,,,,,0,,
404,6,6,EmergenSee,No,Software / Tech,Male,,,,,,,,,,,,0,,
405,6,7,Myself Belts,Yes,Children / Education,Female,"$75,000",25%,"$300,000",,,,,1,,,,1,"$75,000",
406,6,7,Titin,Yes,Fitness / Sports,Male,"$500,000",20%,"$2,500,000",,,,,1,,,,1,"$500,000",
407,6,7,SingTrix,No,Children / Education,Male,,,,,,,,,,,,0,,
408,6,7,Beardbrand,No,Fashion / Beauty,Male,,,,,,,,,,,,0,,
409,6,8,The Natural Grip,Yes,Fitness / Sports,Female,"$125,000",25%,"$500,000",,,,1,,,,,1,"$125,000",
410,6,8,Bottle Breacher,Yes,Food and Beverage,Male,"$150,000",20%,"$750,000",,1,,,,1,,,2,"$75,000",
411,6,8,Man-Pack,No,Fashion / Beauty,Male,,,,,,,,,,,,0,,
412,6,8,Priority One Canine,No,Pet Products,Mixed Team,,,,,,,,,,,,0,,
413,6,9,Heidi Ho,Yes,Food and Beverage,Female,"$125,000",30%,"$416,667",,,1,,,,,,1,"$125,000",
414,6,9,Squatty Potty,Yes,Lifestyle / Home,Mixed Team,"$350,000",10%,"$3,500,000",,,1,,,,,,1,"$350,000",
415,6,9,Pipsnacks,Yes,Food and Beverage,Mixed Team,"$200,000",10%,"$2,000,000",1,,,,,,,,1,"$200,000",plus a 10% draw whenever founders take cash out until she recoups her investment
416,6,9,Storm Stoppers,No,Lifestyle / Home,Male,,,,,,,,,,,,0,,
417,6,10,MagicCook,Yes,Food and Beverage,Female,"$100,000",33%,"$303,030",,,,,1,,,,1,"$100,000",
418,6,10,Earth Log,Yes,Lifestyle / Home,Male,"$160,000",30%,"$533,333",,,1,,,,,,1,"$160,000",
419,6,10,Kitchen Safe,Yes,Food and Beverage,Male,"$100,000",20%,"$500,000",,,1,,,,,1,2,"$50,000",
420,6,10,Off the Cob,No,Food and Beverage,Male,,,,,,,,,,,,0,,
421,6,11,Biaggi,Yes,Lifestyle / Home,Male,"$500,000",33%,"$1,515,152",,,1,,,,,,1,"$500,000",
422,6,11,Gameday Couture,Yes,Fashion / Beauty,Mixed Team,"$500,000",30%,"$1,666,667",,1,,,,,,,1,"$500,000",
423,6,11,Zipz,Yes,Food and Beverage,Male,"$2,500,000",10%,"$25,000,000",,,,,,1,,,1,"$2,500,000",with an option for another $2.5 Million for an additional 10%
424,6,11,Soaps Washes and Grooming Essentials (aka S.W.A.G. Essentials),No,Fashion / Beauty,Female,,,,,,,,,,,,0,,
425,6,12,Hoppy Paws,Yes,Lifestyle / Home,Female,"$100,000",49%,"$204,082",1,,,,,,,,1,"$100,000",
426,6,12,Q-Flex,Yes,Healthcare,Female,"$25,000",25%,"$100,000",1,1,,,,,,,2,"$12,500",
427,6,12,The Mensch on a Bench,Yes,Lifestyle / Home,Male,"$150,000",15%,"$1,000,000",,,1,1,,,,,2,"$75,000",
428,6,12,Eve Drop,No,Lifestyle / Home,Male,,,,,,,,,,,,0,,
429,6,13,Bantam Bagels,Yes,Food and Beverage,Mixed Team,"$275,000",25%,"$1,100,000",,,1,,,,,,1,"$275,000",
430,6,13,Doorman,Yes,Lifestyle / Home,Male,"$250,000",12%,"$2,083,333",,,,1,,,,,1,"$250,000",
431,6,13,SkinnyShirt,No,Fashion / Beauty,Female,,,,,,,,,,,,0,,
432,6,13,Coffee Meets Bagel,No,Software / Tech,Female,,,,,,,,,,,,0,,
433,6,14,Evrewares,Yes,Fashion / Beauty,Female,"$200,000",100%,"$200,000",,1,,,,,,,1,"$200,000",
434,6,14,Bottle Bright,Yes,Lifestyle / Home,Male,"$75,000",33%,"$227,273",,,1,,,,,,1,"$75,000",
435,6,14,Scratch & Grain Baking Co,Yes,Food and Beverage,Female,"$150,000",20%,"$750,000",1,,,,,,,,1,"$150,000",Done as a line of credit
436,6,14,Vestpakz,No,Children / Education,Male,,,,,,,,,,,,0,,
437,6,15,TurboPUP,Yes,Pet Products,Mixed Team,"$100,000",35%,"$285,714",,,,,1,,,,1,"$100,000",
438,6,15,Lumio,Yes,Lifestyle / Home,Male,"$350,000",10%,"$3,500,000",,,,1,,,,,1,"$350,000",
439,6,15,Bello Verde,No,Fashion / Beauty,Male,,,,,,,,,,,,0,,
440,6,15,Napwell,No,Lifestyle / Home,Male,,,,,,,,,,,,0,,
441,6,16,GreenBox,Yes,Food and Beverage,Mixed Team,"$300,000",10%,"$3,000,000",,,,,,1,,,1,"$300,000",
442,6,16,Phonesoap,Yes,Software / Tech,Male,"$300,000",10%,"$3,000,000",,,1,,,,,,1,"$300,000",
443,6,16,Victoria's Kitchen,No,Food and Beverage,Mixed Team,,,,,,,,,,,,0,,
444,6,16,Tycoon Real Estate,No,Software / Tech,Mixed Team,,,,,,,,,,,,0,,
445,6,17,Fresh Patch,Yes,Pet Products,Mixed Team,"$150,000",20%,"$750,000",1,1,,,,,,,2,"$75,000",
446,6,17,Drain Strain,Yes,Lifestyle / Home,Male,"$110,000",10%,"$1,100,000",,,,1,,,,,1,"$110,000",
447,6,17,Balm Chicky Balm Balm,No,Fashion / Beauty,Female,,,,,,,,,,,,0,,
448,6,17,BedJet,No,Lifestyle / Home,Male,,,,,,,,,,,,0,,
449,6,18,BeverageBoy,Yes,Food and Beverage,Male,"$50,000",35%,"$142,857",,,,,1,,,,1,"$50,000",
450,6,18,FunBites,Yes,Children / Education,Female,"$75,000",25%,"$300,000",,,1,,,,,,1,"$75,000",
451,6,18,The Lip Bar,No,Fashion / Beauty,Female,,,,,,,,,,,,0,,
452,6,18,Himalayan Dog Chew,No,Pet Products,Male,,,,,,,,,,,,0,,
453,6,19,Boobypack,Yes,Fashion / Beauty,Female,"$80,000",25%,"$320,000",1,,,,,,,,1,"$80,000",
454,6,19,Gold Rush Nugget Bucket,Yes,Children / Education,Male,"$60,000",25%,"$240,000",,,,1,,,,,1,"$60,000",
455,6,19,Sseko Designs,No,Fashion / Beauty,Mixed Team,,,,,,,,,,,,0,,
456,6,19,Lumi,No,Fashion / Beauty,Female,,,,,,,,,,,,0,,
457,6,20,LuminAid,Yes,Consumer Products,Female,"$300,000",15%,"$2,000,000",,1,,,,,,,1,"$300,000",
458,6,20,Scholly,Yes,Children / Education,Male,"$40,000",15%,"$266,667",,,,,,,,,0,#DIV/0!,
459,6,20,Keen Home,Yes,Lifestyle / Home,Male,"$750,000",13%,"$5,769,231",,,,1,,,,,1,"$750,000",
460,6,20,Taaluma,No,Fashion / Beauty,Mixed Team,,,,,,,,,,,,0,,
461,6,21,Coco Jack,Yes,Food and Beverage,Male,"$125,000",25%,"$500,000",,1,,,,,,,1,"$125,000",125k in convertible debt for 25% of the company with 7% interest
462,6,21,BedRyder,No,Consumer Products,Male,,,,,,,,,,,,0,,
463,6,21,Frill,Yes,Fashion / Beauty,Female,"$100,000",20%,"$500,000",1,,,,,1,,,2,"$50,000",
464,6,21,Twin Z Pillow,Yes,Children / Education,Mixed Team,"$75,000",20%,"$375,000",,,1,,,,,,1,"$75,000",
465,6,22,Echo Valley Meats,Yes,Food and Beverage,Male,"$150,000",25%,"$600,000",,1,,,,,,,1,"$150,000",
466,6,22,Emazing Lights,Yes,Media / Entertainment,Male,"$650,000",5%,"$13,000,000",,1,,,1,,,,2,"$325,000",plus 20% commission on any license deals they bring
467,6,22,acqua vault,Yes,Lifestyle / Home,Male,"$75,000",25%,"$300,000",,,,,1,,,,1,"$75,000",
468,6,22,Naja,No,Fashion / Beauty,Female,,,,,,,,,,,,0,,
469,6,23,Bee Sweet Lemonade,Yes,Food and Beverage,Mixed Team,"$60,000",25%,"$240,000",,,,,1,,,,1,"$60,000",
470,6,23,Brand Yourself,No,Software / Tech,Male,,,,,,,,,,,,0,,
471,6,23,iC Pooch,No,Pet Products,Mixed Team,,,,,,,,,,,,0,,
472,6,23,The Home T,No,Fashion / Beauty,Male,,,,,,,,,,,,0,,
473,6,24,Budsies,No,Children / Education,Male,,,,,,,,,,,,0,,
474,6,24,bee thinking,No,Lifestyle / Home,Male,,,,,,,,,,,,0,,
475,6,24,PullyPalz,Yes,Children / Education,Female,"$100,000",28%,"$357,143",,,1,,,,,,1,"$100,000",
476,6,24,Forus,No,Fitness / Sports,Male,,,,,,,,,,,,0,,
477,6,25,NeatCheeks,Yes,Children / Education,Female,"$150,000",25%,"$600,000",1,,,,,,,,1,"$150,000",
478,6,25,Melni,Yes,Uncertain / Other,Male,"$500,000",12%,"$4,166,667",,1,,,,,,,1,"$500,000",
479,6,25,Beneath the Ink,No,Software / Tech,Mixed Team,,,,,,,,,,,,0,,
480,6,25,PittMoss,Yes,Green/CleanTech,Male,"$600,000",35%,"$1,714,286",,1,,1,,1,,,3,"$200,000",
481,6,26,ZinePak,Yes,Media / Entertainment,Female,"$725,000",18%,"$4,142,857",,,1,1,,,,,2,"$362,500",
482,6,26,snagastool,No,Software / Tech,Male,,,,,,,,,,,,0,,
483,6,26,Buck Mason,No,Fashion / Beauty,Male,,,,,,,,,,,,0,,Declined Robert's offer
484,6,26,Noene,Yes,Fashion / Beauty,Male,"$200,000",30%,"$666,667",,1,,,1,,,,2,"$100,000",
485,6,27,AirCar,Yes,Green/CleanTech,Male,"$5,000,000",50%,"$10,000,000",,,,1,,,,,1,"$5,000,000",Contingent on getting deal to bring to continental US
486,6,27,Paleo Diet Foods,No,Food and Beverage,Female,,,,,,,,,,,,0,,
487,6,27,World Record Striper Company,Yes,Fitness / Sports,Male,"$50,000",33%,"$151,515",,1,,,,,,,1,"$50,000",
488,6,27,Frameri,No,Fashion / Beauty,Male,,,,,,,,,,,,0,,
489,6,28,Zoom,Yes,Lifestyle / Home,Female,"$100,000",33%,"$303,030",1,,,,,,,,1,"$100,000",
490,6,28,Sunscreen Mist,No,Lifestyle / Home,Male,,,,,,,,,,,,0,,
491,6,28,SynDaver Labs,Yes,Healthcare,Male,"$3,000,000",25%,"$12,000,000",,,,1,,,,,1,"$3,000,000",
492,6,28,You Kick Ass,Yes,Children / Education,Female,"$100,000",10%,"$1,000,000",,1,,,,,,,1,"$100,000",
493,6,29,Shark Wheel,Yes,Fitness / Sports,Male,"$225,000",8%,"$3,000,000",,1,,1,,,,1,3,"$75,000",10% royalty until $500K; then converts to 5% equity
494,6,29,Gato Cafe,No,Uncertain / Other,Female,,,,,,,,,,,,0,,
495,6,29,Sway Motorsports,Yes,Green/CleanTech,Male,"$300,000",20%,"$1,500,000",,1,,,,,,,1,"$300,000",
496,6,29,Spikeball,Yes,Fitness / Sports,Male,"$500,000",20%,"$2,500,000",,,,,1,,,,1,"$500,000",
